target_id,neighbor_id,distance_km,rank
S-THC 21317937:21326446,S-THC 21317938:21206238,0.811484021,1
S-THC 21317937:21326446,S-THC 21317947:21348259,6.40341167,2
S-THC 21317937:21326446,S-THC 21317939:21326342,6.406244282,3
S-THC 21317937:21326446,S-THC 21317953:21348258,7.180225863,4
S-THC 21317937:21326446,S-THC 21317942:21326340,7.372256147,5
S-THC 21317937:21326446,S-THC 21317948:21326445,7.8728696,6
S-THC 21317938:21206238,S-THC 21317937:21326446,0.811484021,1
S-THC 21317938:21206238,S-THC 21317947:21348259,6.496351959,2
S-THC 21317938:21206238,S-THC 21317953:21348258,6.503370234,3
S-THC 21317938:21206238,S-THC 21317942:21326340,6.675378568,4
S-THC 21317938:21206238,S-THC 21317948:21326445,7.069120174,5
S-THC 21317938:21206238,S-THC 21317939:21326342,7.164614443,6
S-THC 21317939:21326342,S-THC 21317940:21326448,5.750302857,1
S-THC 21317939:21326342,S-THC 21317937:21326446,6.406244282,2
S-THC 21317939:21326342,S-THC 21317947:21348259,6.875001271,3
S-THC 21317939:21326342,S-THC 21317938:21206238,7.164614443,4
S-THC 21317939:21326342,S-THC 21317950:21326337,8.53213871,5
S-THC 21317939:21326342,S-THC 21317953:21348258,12.12422622,6
S-THC 21317940:21326448,S-THC 21317950:21326337,4.208651214,1
S-THC 21317940:21326448,S-THC 21317947:21348259,4.313108609,2
S-THC 21317940:21326448,S-THC 21317939:21326342,5.750302857,3
S-THC 21317940:21326448,S-THC 21317949:21206231,8.898032439,4
S-THC 21317940:21326448,S-THC 21317937:21326446,9.058447645,5
S-THC 21317940:21326448,S-THC 21317938:21206238,9.475733995,6
S-THC 21317941:21348257,S-THC 21317943:21326444,0.40845919,1
S-THC 21317941:21348257,S-THC 21317960:21336805,1.938767245,2
S-THC 21317941:21348257,S-THC 21317958:21206230,2.084239067,3
S-THC 21317941:21348257,S-THC 21317942:21326340,2.365220338,4
S-THC 21317941:21348257,S-THC 21317953:21348258,2.460645236,5
S-THC 21317941:21348257,S-THC 21317959:21326443,4.119644578,6
S-THC 21317942:21326340,S-THC 21317953:21348258,0.369083122,1
S-THC 21317942:21326340,S-THC 21317943:21326444,2.238374348,2
S-THC 21317942:21326340,S-THC 21317941:21348257,2.365220338,3
S-THC 21317942:21326340,S-THC 21317948:21326445,2.90715359,4
S-THC 21317942:21326340,S-THC 21317959:21326443,2.951853556,5
S-THC 21317942:21326340,S-THC 21317960:21336805,3.341236204,6
S-THC 21317943:21326444,S-THC 21317941:21348257,0.40845919,1
S-THC 21317943:21326444,S-THC 21317942:21326340,2.238374348,2
S-THC 21317943:21326444,S-THC 21317960:21336805,2.340469473,3
S-THC 21317943:21326444,S-THC 21317953:21348258,2.392080853,4
S-THC 21317943:21326444,S-THC 21317958:21206230,2.484050093,5
S-THC 21317943:21326444,S-THC 21317959:21326443,3.74534997,6
S-THC 21317947:21348259,S-THC 21317950:21326337,2.361917171,1
S-THC 21317947:21348259,S-THC 21317940:21326448,4.313108609,2
S-THC 21317947:21348259,S-THC 21317949:21206231,5.315927877,3
S-THC 21317947:21348259,S-THC 21317937:21326446,6.40341167,4
S-THC 21317947:21348259,S-THC 21317938:21206238,6.496351959,5
S-THC 21317947:21348259,S-THC 21317939:21326342,6.875001271,6
S-THC 21317948:21326445,S-THC 21317959:21326443,0.612963866,1
S-THC 21317948:21326445,S-THC 21317942:21326340,2.90715359,2
S-THC 21317948:21326445,S-THC 21317953:21348258,3.220794226,3
S-THC 21317948:21326445,S-THC 21317943:21326444,4.056484777,4
S-THC 21317948:21326445,S-THC 21317941:21348257,4.406122908,5
S-THC 21317948:21326445,S-THC 21317960:21336805,6.002191492,6
S-THC 21317949:21206231,S-THC 21317958:21206230,2.573905609,1
S-THC 21317949:21206231,S-THC 21317960:21336805,2.726709287,2
S-THC 21317949:21206231,S-THC 21317941:21348257,4.635782112,3
S-THC 21317949:21206231,S-THC 21317950:21326337,4.749726543,4
S-THC 21317949:21206231,S-THC 21317943:21326444,5.023418003,5
S-THC 21317949:21206231,S-THC 21317953:21348258,5.064649139,6
S-THC 21317950:21326337,S-THC 21317947:21348259,2.361917171,1
S-THC 21317950:21326337,S-THC 21317940:21326448,4.208651214,2
S-THC 21317950:21326337,S-THC 21317949:21206231,4.749726543,3
S-THC 21317950:21326337,S-THC 21317958:21206230,7.007628558,4
S-THC 21317950:21326337,S-THC 21317960:21336805,7.155633862,5
S-THC 21317950:21326337,S-THC 21317953:21348258,8.06864991,6
S-THC 21317953:21348258,S-THC 21317942:21326340,0.369083122,1
S-THC 21317953:21348258,S-THC 21317943:21326444,2.392080853,2
S-THC 21317953:21348258,S-THC 21317941:21348257,2.460645236,3
S-THC 21317953:21348258,S-THC 21317960:21336805,3.209096785,4
S-THC 21317953:21348258,S-THC 21317948:21326445,3.220794226,5
S-THC 21317953:21348258,S-THC 21317958:21206230,3.265537669,6
S-THC 21317958:21206230,S-THC 21317960:21336805,0.153903159,1
S-THC 21317958:21206230,S-THC 21317941:21348257,2.084239067,2
S-THC 21317958:21206230,S-THC 21317943:21326444,2.484050093,3
S-THC 21317958:21206230,S-THC 21317949:21206231,2.573905609,4
S-THC 21317958:21206230,S-THC 21317953:21348258,3.265537669,5
S-THC 21317958:21206230,S-THC 21317942:21326340,3.412155815,6
S-THC 21317959:21326443,S-THC 21317948:21326445,0.612963866,1
S-THC 21317959:21326443,S-THC 21317942:21326340,2.951853556,2
S-THC 21317959:21326443,S-THC 21317953:21348258,3.297602191,3
S-THC 21317959:21326443,S-THC 21317943:21326444,3.74534997,4
S-THC 21317959:21326443,S-THC 21317941:21348257,4.119644578,5
S-THC 21317959:21326443,S-THC 21317960:21336805,5.829812414,6
S-THC 21317960:21336805,S-THC 21317958:21206230,0.153903159,1
S-THC 21317960:21336805,S-THC 21317941:21348257,1.938767245,2
S-THC 21317960:21336805,S-THC 21317943:21326444,2.340469473,3
S-THC 21317960:21336805,S-THC 21317949:21206231,2.726709287,4
S-THC 21317960:21336805,S-THC 21317953:21348258,3.209096785,5
S-THC 21317960:21336805,S-THC 21317942:21326340,3.341236204,6
